{
  "timestamp": "20250707_090131",
  "test_suite": "Real-World Scenarios",
  "summary": {
    "total_scenarios": 4,
    "passed_scenarios": 0,
    "total_duration": 0.0008838176727294922,
    "overall_success_rate": 0.0
  },
  "scenarios": [
    {
      "name": "Embedded System Controller",
      "success": false,
      "duration": 0.0003135204315185547,
      "metrics": {},
      "issues": [
        "Critical error: No module named 'MainCPU'"
      ],
      "recommendations": []
    },
    {
      "name": "Computer Architecture Lab",
      "success": false,
      "duration": 0.000202178955078125,
      "metrics": {},
      "issues": [
        "Educational scenario error: No module named 'MainCPU'"
      ],
      "recommendations": []
    },
    {
      "name": "Research Platform",
      "success": false,
      "duration": 0.00019431114196777344,
      "metrics": {},
      "issues": [
        "Research scenario error: No module named 'MainCPU'"
      ],
      "recommendations": []
    },
    {
      "name": "Production Deployment",
      "success": false,
      "duration": 0.00017380714416503906,
      "metrics": {},
      "issues": [
        "Production scenario critical error: No module named 'MainCPU'"
      ],
      "recommendations": []
    }
  ]
}