{
  "timestamp": "20250707_125929",
  "test_suite": "Real-World Scenarios",
  "summary": {
    "total_scenarios": 4,
    "passed_scenarios": 0,
    "total_duration": 0.000827789306640625,
    "overall_success_rate": 0.0
  },
  "scenarios": [
    {
      "name": "Embedded System Controller",
      "success": false,
      "duration": 0.0002727508544921875,
      "metrics": {},
      "issues": [
        "Critical error: No module named 'MainCPU'"
      ],
      "recommendations": []
    },
    {
      "name": "Computer Architecture Lab",
      "success": false,
      "duration": 0.00019216537475585938,
      "metrics": {},
      "issues": [
        "Educational scenario error: No module named 'MainCPU'"
      ],
      "recommendations": []
    },
    {
      "name": "Research Platform",
      "success": false,
      "duration": 0.0001850128173828125,
      "metrics": {},
      "issues": [
        "Research scenario error: No module named 'MainCPU'"
      ],
      "recommendations": []
    },
    {
      "name": "Production Deployment",
      "success": false,
      "duration": 0.00017786026000976562,
      "metrics": {},
      "issues": [
        "Production scenario critical error: No module named 'MainCPU'"
      ],
      "recommendations": []
    }
  ]
}