{
  "timestamp": "20250707_211749",
  "test_suite": "Real-World Scenarios",
  "summary": {
    "total_scenarios": 4,
    "passed_scenarios": 0,
    "total_duration": 0.0008149147033691406,
    "overall_success_rate": 0.0
  },
  "scenarios": [
    {
      "name": "Embedded System Controller",
      "success": false,
      "duration": 0.0002689361572265625,
      "metrics": {},
      "issues": [
        "Critical error: No module named 'MainCPU'"
      ],
      "recommendations": []
    },
    {
      "name": "Computer Architecture Lab",
      "success": false,
      "duration": 0.00018858909606933594,
      "metrics": {},
      "issues": [
        "Educational scenario error: No module named 'MainCPU'"
      ],
      "recommendations": []
    },
    {
      "name": "Research Platform",
      "success": false,
      "duration": 0.0001804828643798828,
      "metrics": {},
      "issues": [
        "Research scenario error: No module named 'MainCPU'"
      ],
      "recommendations": []
    },
    {
      "name": "Production Deployment",
      "success": false,
      "duration": 0.00017690658569335938,
      "metrics": {},
      "issues": [
        "Production scenario critical error: No module named 'MainCPU'"
      ],
      "recommendations": []
    }
  ]
}